0,ज्ञान,खेतों पर अमेरिका की आबादी का अनुपात किस बारे में है?
1,ज्ञान,नीचे दिए गए आरेख पर संकेतित मस्तिष्क लोब को सही ढंग से लेबल करें
2,ज्ञान,यौगिक ब्याज को परिभाषित करें।
3,ज्ञान,चार प्रकार की ट्रेसिबिलिटी को परिभाषित करें।
4,ज्ञान,मर्केंटिलिज्म को परिभाषित करें।
5,ज्ञान,"स्ट्रीम बैंक, बाढ़ के मैदान और सब्सट्रेट को परिभाषित करें।"
6,ज्ञान,ओलंपिक आदर्श वाक्य का अर्थ परिभाषित करें।
7,ज्ञान,एक ठेठ धारा के आरेख को ड्रा और लेबल करें।
8,ज्ञान,कॉर्नेल विधि का उपयोग करके नोट्स के पृष्ठ की मूल रूपरेखा बनाएं?
9,ज्ञान,केंद्रीय प्रसंस्करण इकाई के ब्लॉक आरेख को ड्रा करें
10,ज्ञान,पीएनके सिस्टम का प्रवाह चार्ट बनाएं
11,ज्ञान,एक आरआईएससी कंप्यूटर के निर्देश सेट में कितने निर्देश हैं?
12,ज्ञान,आपके घर से विश्वविद्यालय में कितने किलोमीटर तक
13,ज्ञान,सी ++ में कितने लूप स्टेटमेंट उपलब्ध हैं?
14,ज्ञान,संयुक्त राज्य अमेरिका में कितने राज्य हैं
15,ज्ञान,यह जानवर कितने साल जीता है?
16,ज्ञान,कैश मेमोरी में कितना डेटा संग्रहीत किया जा सकता है
17,ज्ञान,उसने अपनी कार के लिए कितना भुगतान किया
18,ज्ञान,आपका वजन कितना है
19,ज्ञान,एक घर बनाने में कितना समय लगा
20,ज्ञान,कितना पानी एक हाथी पीता है
21,ज्ञान,एक अनुकरण के रूप में एक वाक्यांश की पहचान करें
22,ज्ञान,"एक संपत्ति की पहचान करें (कम्यूटेटिव, योजक, आदि ("
23,ज्ञान,एक चित्रमय प्रतिनिधित्व से भिन्नताओं की पहचान करें
24,ज्ञान,क्रमिक पदों की पहचान करें
25,ज्ञान,ऑस्मोसिस की सही परिभाषा को पहचानें।
26,ज्ञान,पुराने नियम के पांच प्रमुख भविष्यवक्ताओं की पहचान करें।
27,ज्ञान,एक यूकेरियोटिक सेल के हिस्से की पहचान करें।
28,ज्ञान,कंप्यूटर के मानक परिधीय घटकों की पहचान करें।
29,ज्ञान,पहचानें कि सूर्य में एस (अक्षर s) के समान ध्वनि के साथ कौन सा शब्द शुरू होता है
30,ज्ञान,सूरीनाम की स्थिति में कौन सा महाद्वीप गिरता है
31,ज्ञान,किस देश में अरबी भाषा बोली जाती है
32,ज्ञान,दुनिया के किस हिस्से में वह रहता है
33,ज्ञान,डिजाइन सुविधाओं के साथ किसी भी ओलंपिक खेल उपकरण को लेबल करें।
34,ज्ञान,निम्नलिखित कीड़े के हिस्सों को लेबल करें: टिड्डी
35,ज्ञान,दाईं ओर दिखाए गए माइक्रोस्कोप के हिस्सों को लेबल करें
36,ज्ञान,लेख में वर्णित चार प्रकार के खंड सूचीबद्ध करें
37,ज्ञान,सी प्रोग्रामिंग में आरक्षित शब्दों को सूचीबद्ध करें।
38,ज्ञान,क्यूबिस्ट आंदोलन के लिए विशिष्ट विशेषताओं को सूचीबद्ध करें।
39,ज्ञान,ब्लूम की वर्गीकरण में स्तरों को सूचीबद्ध करें।
40,ज्ञान,एक मिश्रित संभावित या इवांस आरेख को आकर्षित करने की प्रक्रिया को सूचीबद्ध करें
41,ज्ञान,टाइट्रेशन में शामिल चरणों की सूची बनाएं।
42,ज्ञान,तीन विशेषताओं को सूचीबद्ध करें जो क्यूबिस्ट आंदोलन के लिए अद्वितीय हैं।
43,ज्ञान,तीन प्रमुख आर्थिक प्रणालियों की सूची बनाएं
44,ज्ञान,प्रतीक को देखो।मानचित्र पर प्रतीक का उद्देश्य क्या है?
45,ज्ञान,कहानी से सीखी गई तथ्यों की एक सूची बनाएं।
46,ज्ञान,5 चरणों का नाम दें जो नोटों को लेने का पालन करते हैं (24 घंटे या उससे कम के भीतर)?
47,ज्ञान,उस कलाकार को नाम दें जिसने मोना लिसा को चित्रित किया था।
48,ज्ञान,प्रत्येक समूह में खाद्य समूहों और भोजन के कम से कम दो आइटम का नाम दें।
49,ज्ञान,चार प्रमुख खाद्य समूहों का नाम दें।
50,ज्ञान,कहानी में मुख्य पात्रों का नाम दें।
51,ज्ञान,उस संपत्ति का नाम बताइए जो बताती है
52,ज्ञान,कृपया नीचे दिए गए आरेख को लेबल करें:
53,ज्ञान,मूल गणित तथ्यों को याद करें
54,ज्ञान,एक ऐतिहासिक घटनाओं के स्थानों को याद करें
55,ज्ञान,अपने असाइनमेंट 2 से फॉर्मूला डेटाटाइप की परिभाषा को याद करें।
56,ज्ञान,आदर्श गैस कानून के लिए समीकरण याद करें।
57,ज्ञान,कुछ कतार संचालन के कार्यान्वयन के निम्नलिखित चित्रमय उदाहरण को याद करें
58,ज्ञान,आपूर्ति वोल्टेज बाधाओं को याद करें
59,ज्ञान,यूरोप में आप्रवासन की नीति को पढ़ें।
60,ज्ञान,"कविता ""ऑटो मलबे"" को पढ़ें।"
61,ज्ञान,डेटा संरक्षण अधिनियम के सिद्धांतों को पढ़ें।
62,ज्ञान,गॉसियन कानून को पढ़ें
63,ज्ञान,अच्छी तरह से इंजीनियर सॉफ्टवेयर के राज्य चार विशेषताओं।
64,ज्ञान,एक शब्दकोश में एक शब्द कैसे खोजें
65,ज्ञान,अध्ययन किए गए प्रत्येक प्रकार के संक्षारण परीक्षण की विशेषताओं को बताएं
66,ज्ञान,ब्लूम की वर्गीकरण में आवेदन की परिभाषा बताएं।
67,ज्ञान,एक सर्कल के क्षेत्र के लिए सूत्र बताएं
68,ज्ञान,एक एनोडिक संरक्षण प्रणाली को डिजाइन करने के लिए दिशानिर्देश बताएं
69,ज्ञान,फ्रेंच में समय व्यक्त करने के लिए पैटर्न को राज्य करें।
70,ज्ञान,बेसबॉल में गेंदों और हमलों के लिए नियम बताएं।
71,ज्ञान,एक वाक्य में अर्धविराम का उपयोग करने के लिए नियम बताएं।
72,ज्ञान,विशेष संस्कृतियों और समाजों के बारे में प्रमुख तथ्य क्या हैं
73,ज्ञान,देशों के प्रमुख उत्पाद और निर्यात क्या हैं
74,ज्ञान,नक्शे और चार्ट पर प्रतिनिधित्व प्रतीक क्या हैं
75,ज्ञान,कांग्रेस की संरचना या कार्य क्या हैं
76,ज्ञान,संक्षारण प्रवेश दर की इकाइयाँ क्या हैं?इनडे के कानून से संबंधित
77,ज्ञान,आईसीटी के लिए क्या खड़ा है?
78,ज्ञान,आपका सरनेम क्या है
79,ज्ञान,वैश्विक चर क्या है?
80,ज्ञान,एक पाठ सूचकांक क्या है
81,ज्ञान,एक मॉकिंगबर्ड को मारने की सेटिंग क्या है?
82,ज्ञान,आपके द्वारा देखी गई पहली फिल्म का शीर्षक क्या है
83,ज्ञान,हम अभी किस मौसम में हैं?
84,ज्ञान,सऊदी अरब ने इंटरनेट का उपयोग कब किया
85,ज्ञान,पहला सऊदी रेडियो स्टेशन कब खुल गया
86,ज्ञान,द्वितीय विश्व युद्ध कब हुआ
87,ज्ञान,तुम्हारा जन्म कहां हुआ ?
88,ज्ञान,जब यमन में पहला हवाई अड्डा बनाया गया था
89,ज्ञान,कब बनाया गया था
90,ज्ञान,सिलेंडर की मात्रा निर्धारित करने के लिए निम्नलिखित में से कौन सा तरीका है?
91,ज्ञान,निम्नलिखित में से कौन सी वस्तु सेट से संबंधित नहीं है?
92,ज्ञान,दो में से कौन सा तरल पदार्थ हाइपोटोनिक है
93,ज्ञान,गंतव्य नेटवर्क को निर्धारित करने के लिए एक राउटर द्वारा डेटा पैकेट का कौन सा हिस्सा उपयोग किया जाता है
94,ज्ञान,लेजर प्रिंटर द्वारा किस तकनीक का उपयोग किया जाता है
95,ज्ञान,संयुक्त राज्य अमेरिका का पहला राष्ट्रपति कौन है
96,ज्ञान,सऊदी अरब के राज्य का संस्थापक कौन है
97,ज्ञान,चंद्रमा पर पहला आदमी कौन था
98,ज्ञान,जो MAQAMAT की कला में लिखने वाला पहला व्यक्ति था
99,ज्ञान,जो हैमिल्टन का लेखक था
100,समझ,Howie के साथ Caliope की तुलना करें।शब्द कोष का इस्तेमाल करो।
101,समझ,समकालीन स्थितियों के लिए ऐतिहासिक घटनाओं की तुलना करें
102,समझ,एक समानता को पूरा करें (समान कार्य अनुमानित कार्य हैं)
103,समझ,सॉफ्टवेयर डिजाइन में 4 प्रकार के युग्मन का वर्णन करें।
104,समझ,वर्णन करें कि कैसे फिलिप और तीमुथियुस ने केय पर बचे।
105,समझ,ग्राफ फॉर्म में दिखाए गए गद्य में वर्णन करें।
106,समझ,अपने स्वयं के शब्दों में वर्णन करें पुस्तकालय से एक पुस्तक कैसे उधार लें।
107,समझ,अपने शब्दों में वर्णन करें कि टेक्स्ट को एक प्रोग्राम से दूसरे में कैसे कॉपी करें।
108,समझ,अपने स्वयं के शब्दों में वर्णन करें जब एक स्ट्रीम की वेग धीमा हो जाता है।
109,समझ,अपने शब्दों में वर्णन करें कि एक मोच वाले टखने का क्या अर्थ है।
110,समझ,एक व्यक्ति को परमाणु परिवहन का वर्णन करें।
111,समझ,सांख्यिकीय सॉफ्टवेयर गुणवत्ता आश्वासन में पारेतो सिद्धांत का वर्णन करें।
112,समझ,वर्णन करें कि नोट के पहले पृष्ठ पर चार क्षेत्रों में से प्रत्येक में क्या जाता है
113,समझ,वर्णन करें कि क्या हुआ है क्योंकि हैटो डूब रहा था।
114,समझ,वर्णन करें कि रैखिक ध्रुवीकरण विधि संक्षारण दर कैसे प्राप्त कर सकती है
115,समझ,विस्करल और सोमैटिक दर्द के बीच प्रमुख नैदानिक मतभेदों का वर्णन करें
116,समझ,संक्षेप में गोटो स्टेटमेंट की देनदारियों के लिए लेखक के दृष्टिकोण का वर्णन करें
117,समझ,वर्णन करें कि क्या हुआ ...?
118,समझ,लेखक के दृष्टिकोण का निर्धारण करें
119,समझ,अनुक्रम में अगला नंबर निर्धारित करें
120,समझ,समाजवाद की प्रकृति पर चर्चा करें।
121,समझ,समझाएं कि तीमुथियुस ने फिलिप के जीवन को कैसे बचाया।
122,समझ,किसी के अपने शब्दों में बताएं कि डेटाबेस में क्वेरी कैसे बनाएं।
123,समझ,अपने शब्दों में समझाएं कि एक अवशिष्ट जीन क्या है।
124,समझ,अपने शब्दों में समझाएं अर्थशास्त्र शब्द से आपका क्या मतलब है?
125,समझ,अपने स्वयं के शब्दों में समझाएं जो मर्केंटिलिज्म द्वारा किया जाता है।
126,समझ,ऐतिहासिक घटनाओं के कारणों की व्याख्या करें
127,समझ,कम्यूटिव संपत्ति की व्याख्या करें।
128,समझ,"लेखक के गुणों को ""लगातार कार्रवाई विवरण"" शब्द के गुणों की व्याख्या करें"
129,समझ,ऊर्ध्वाधर रेखा के बाईं ओर की जगह के लिए कक्षा में वर्णित संभावित उपयोगों की व्याख्या करें।
130,समझ,एक आयताकार बगीचे की परिधि को खोजने के लिए प्रक्रिया (पैराफ्रेश) की व्याख्या करें
131,समझ,एक कविता का क्या अर्थ है समझाएं।
132,समझ,"बताएं कि लेखक का क्या अर्थ है बयान से ""हमारी बौद्धिक शक्तियां मास्टर स्टेटिक रिलेशंस के लिए तैयार हैं।"
133,समझ,कविता के माध्यम से 'खेल में दवाओं' की अपनी राय व्यक्त करें।
134,समझ,एक ब्लूप्रिंट से चित्रित लेख का वर्णन करने के लिए।
135,समझ,"ऑटोमोबाइल में उत्पादन रुझानों का एक ग्राफ दिया गया, वर्णन करें कि ग्राफ आपके बॉस में एक ज्ञापन में क्या दर्शाता है।"
136,समझ,"इन पांच जंग अवरोधक, वी, डब्ल्यू, एक्स, वाई, जेड को देखते हुए, पहचानकर्ता कौन से हैं"
137,समझ,"इस कैप्शन को चित्रित करें: ""सूचना समाज में मीडिया घटना के रूप में ओलंपिक"""
138,समझ,यह बताएं कि आप क्या सोचते हैं कि मुख्य विचार था।
139,समझ,एक वाक्य में एक लिखित मार्ग के मुख्य विचार की व्याख्या करते हैं।
140,समझ,एक वाक्य में एक लिखित मार्ग के मुख्य बिंदु को चित्रित करता है।
141,समझ,चित्रों की व्याख्या करें।
142,समझ,अपने स्वयं के शब्दों में रूपरेखा कैसे लेगगो का टमाटर का पेस्ट विज्ञापन उनके उत्पाद को बेचता है।
143,समझ,कहानी की सबसे महत्वपूर्ण अंतर्दृष्टि की रूपरेखा।
144,समझ,बैक्टीरिया द्वारा नियोजित तंत्र की रूपरेखा उन्हें फागोसाइटिक विनाश से बचने की इजाजत देता है।
145,समझ,"एक ""हमला योजना"" की रूपरेखा जो आपको कम्प्यूटेशनल आण्विक मॉडलिंग उपकरण का उपयोग करके अपनी परिकल्पना का परीक्षण करने की अनुमति देगा"
146,समझ,एक महत्वपूर्ण भाषण
147,समझ,दृष्टांत क्या हैमलेट अपने soliloquy में कह रहा है।
148,समझ,कविता को अपने शब्दों में समझें
149,समझ,"शेख शबली के बारे में इस कविता को समझें, यह बताते हुए कि वह एक दोस्त की विशेषताओं के बारे में क्या कह रहा था"
150,समझ,इस कार्यक्रम के आउटपुट का वर्णन करें खंड:
151,समझ,संक्षारण अवरोधक के प्रकार वर्गीकृत
152,समझ,क्या आप इस सर्किट में एक श्रृंखला वोल्टेज नियामक या शंट वोल्टेज नियामक के रूप में जेनर डायोड को वर्गीकृत करेंगे
153,समझ,"निम्नलिखित प्रोटोकॉल वर्गीकृत करें: आईपी, टीसीपी, HTTP आईएसओ ओएसआई वर्गीकरण के अनुसार"
154,समझ,"कण, परमाणु, तत्व, अणु, यौगिक के रूप में निम्नलिखित पदार्थों को वर्गीकृत करें"
155,समझ,आप अपने स्कूल के भौगोलिक स्थान को कैसे वर्गीकृत करेंगे
156,समझ,जानवरों को दो समूहों में वर्गीकृत करें।
157,समझ,परिवार और सामुदायिक श्रेणियों में समारोह वर्गीकृत करें।
158,समझ,"मेंढक, टोड और अन्य उभयचर वर्गीकृत करें।"
159,समझ,अपने शब्दों में कहानी के मुख्य विचार को पुनर्स्थापित करें।
160,समझ,अपने शब्दों में ओलंपिक आदर्श वाक्य को पुनर्स्थापित करें।
161,समझ,अपने शब्दों में कहानी को फिर से पढ़ें।
162,समझ,परीक्षण लेखन के सिद्धांतों को फिर से लिखें।
163,समझ,आपने आदर्श गैस कानून के लिए समीकरण की भविष्यवाणी की
164,समझ,इस मामूली बदलाव के लिए मार्कोव मैट्रिक्स को फिर से लिखें।
165,समझ,"नीचे दी गई दिशा के बाद, अपने सिर में वाक्य को फिर से लिखें"
166,समझ,एक अलग स्पीकर का उपयोग कर कविता में एक भाग को फिर से लिखें
167,समझ,एक मार्ग के लिए सबसे अच्छा शीर्षक चुनें
168,समझ,बेसबॉल में गेंदों और हमलों के लिए अपने स्वयं के शब्दों में राज्य।
169,समझ,अपने स्वयं के शब्दों में राज्य जहां पुस्तकालय में पत्रिकाओं के पिछले मुद्दों को ढूंढने के लिए जो अब प्रदर्शन रैक में नहीं हैं।
170,समझ,क्या आप अपने शब्दों में बता सकते हैं कि समस्या आपको क्या करने के लिए कह रही है
171,समझ,अपने शब्दों में राज्य करें कि लेखक का क्या अर्थ है जब वह कहता है
172,समझ,एक ऐतिहासिक दस्तावेज़ का सारांश
173,समझ,अपने शब्दों में एक कहानी को सारांशित करें।
174,समझ,बू रेडले के बारे में जेम की मान्यताओं को सारांशित करें
175,समझ,सहयोगी संरक्षण के मूल सिद्धांतों को सारांशित करें।
176,समझ,निर्णायकता के मूल सिद्धांतों को सारांशित करें।
177,समझ,इस पत्रिका लेख को सारांशित करें।
178,समझ,टिमोथी की मृत्यु के बाद फिलिप ने खुद को जिंदा कैसे रखा।
179,समझ,अपने शब्दों में बताएं कि कहानी की सेटिंग ने इसे और अधिक रोचक बना दिया।
180,समझ,अपने स्वयं के शब्दों में बताएं पुस्तक की शुरुआत।
181,समझ,"अपने शब्दों में, बताएं कि एक आइसोसेलस त्रिभुज की परिभाषा का क्या अर्थ है।"
182,समझ,"अपने शब्दों में, आप हस्तांतरणीय कौशल को कैसे परिभाषित करेंगे"
183,समझ,एक लिखित पाठ को एल 2 से अंग्रेजी में जोर से अनुवाद करें।
184,समझ,एक समीकरण को कंप्यूटर स्प्रेडशीट में अनुवाद करें।
185,समझ,एक समीकरण को स्प्रेडशीट फॉर्मूला में अनुवाद करें।
186,समझ,Iliad से अंग्रेजी में निम्नलिखित मार्ग का अनुवाद करें।
187,समझ,एस 43000 स्टेनलेस स्टील पोत की एनोडिक संरक्षण के लिए नियंत्रण वर्तमान और क्षमता को निर्धारित करने के लिए सीआर के ई-पीएच या पोरबिक्स आरेख का उपयोग करें।
188,समझ,"ग्रीक मूर्तिकारों द्वारा या तो ड्रेपी या जानवरों के दो उपचारों की तुलना करें और इसके विपरीत, अपने कलात्मक संदर्भों की स्थापना"
189,समझ,प्रोलॉग में एसएलडी रिज़ॉल्यूशन का उपयोग करके अधिक मानक तरीके की संतुष्टि का परीक्षण करने के इस तरीके की संक्षेप में तुलना करें
190,समझ,आप मेनफ्रेम डेटा के प्रसंस्करण और विश्लेषण के लिए दृश्य मूल अनुप्रयोग और एसपीएस के साथ एसएएस की तुलना कैसे करेंगे
191,समझ,मलेशिया और पाकिस्तान की कानूनी प्रणालियों में इस्लामी कानून की भूमिका का वर्णन और तुलना करें
192,समझ,फ़ंक्शन नोटेशन में नियम व्यक्त करें
193,समझ,मैट्रिक्स फॉर्म में निम्नलिखित सिस्टम व्यक्त करें
194,समझ,सबसे सरल रूप में भिन्नता के रूप में निम्नलिखित प्रतिशत व्यक्त करें
195,समझ,कुचलने की पूरी विधि की व्याख्या करें
196,समझ,"अपने शब्दों में, आप कहानी को कैसे सारांशित करेंगे"
197,समझ,अपने शब्दों में इन दो ग्रंथों के मुख्य बिंदु को सारांशित करें
198,समझ,भीतर दो अध्ययनों के उद्देश्य की रूपरेखा
199,समझ,सेवा उपयोगकर्ताओं के साथ काम करने में अपने अनुभव को रेखांकित करें
200,आवेदन,एक लिखित परीक्षा की विश्वसनीयता का मूल्यांकन करने के लिए आंकड़ों के कानून लागू करें।
201,आवेदन,ड्राइंग में गहराई का उत्पादन करने के लिए छायांकन लागू करें।
202,आवेदन,एक नई स्थिति में कानून का नियम लागू करें
203,आवेदन,यहां अपनी खुद की एक छोटी सी कहानी पर कहानी कहानियां लागू करें।
204,आवेदन,एक नया आदर्श वाक्य या नारा विकसित करने के लिए ओलंपिक भावना की अपनी समझ को लागू करें।
205,आवेदन,इस कार्यक्रम खंड को चलाने के बाद x का मान दिखाएं
206,आवेदन,निम्नलिखित समीकरण में x के लिए गणना: 12x = 36
207,आवेदन,वर्दी लोडिंग के तहत एक बीम के विक्षेपण की गणना करें।
208,आवेदन,बलि के anodes की संख्या की गणना करें जो समुद्री जल में विसर्जित एक स्टील ढेर पर एक कैलकीस जमा करने की आवश्यकता होगी।
209,आवेदन,पिछले दशक में कोलोराडो फ्रंट रेंज के भीतर आवास विखंडन की दर की गणना करें।
210,आवेदन,क्या आप अपने आप के कुछ अनुभव के लिए उपयोग की जाने वाली विधि को लागू कर सकते हैं।।।?
211,आवेदन,क्या आप विशेषताओं द्वारा समूहबद्ध कर सकते हैं।।।?
212,आवेदन,चित्रों को वर्गीकृत करें और उन्हें दीवार के प्रदर्शन में जोड़ें।
213,आवेदन,एक ऐसे देश का चयन करें जो ओलंपिक में प्रतिस्पर्धा नहीं करता है और समझाता है कि वह देश ओलंपिक सदस्य क्यों नहीं है।
214,आवेदन,किसी भी अमेरिकी राष्ट्रपति का चयन करें और समझाओ कि उन्होंने सशस्त्र बलों के प्रमुख में कमांडर के रूप में अपनी शक्ति कैसे प्रयोग की।
215,आवेदन,वास्तविक मंडलियों के क्षेत्र की गणना करें।
216,आवेदन,एक सिलेंडर की मात्रा की गणना करें
217,आवेदन,एक मॉडल का निर्माण यह प्रदर्शित करने के लिए कैसे काम करेगा।
218,आवेदन,यह दर्शाता है कि मौसम कैसे होते हैं।
219,आवेदन,यह दर्शाता है कि यह एक उद्योग सेटिंग में कैसे काम कर सकता है?
220,आवेदन,कछुए के बारे में एक पुस्तक खोजने के लिए ओपैक और लाइब्रेरी संगठन के अपने ज्ञान का उपयोग करके प्रदर्शित करें।
221,आवेदन,यह दर्शाते हैं कि आपकी इकाई के विशिष्ट छात्र सीखने के परिणाम यूएएम के मिशन से कैसे जुड़े हुए हैं।
222,आवेदन,प्रयोगात्मक डेटा से एक काइनेटिक मॉडल प्राप्त करें।
223,आवेदन,किसी वस्तु के पतन पर वजन के प्रभाव के सवाल का जवाब देने के लिए एक प्रयोग का वर्णन करें।
224,आवेदन,एक मॉडल के रूप में एक ज्ञात रणनीति का उपयोग करके अपने उत्पाद के लिए एक बाजार रणनीति का निर्माण करें।
225,आवेदन,एक साधारण पेरोल प्रोग्राम का निर्माण करें जो 40 घंटे या उससे कम काम करने वालों के लिए शुद्ध वेतन की गणना करता है और 40 घंटे से अधिक काम करने वालों के लिए नेट वेतन।
226,आवेदन,"कहानी की शुरुआत, मध्य और अंत को दिखाते हुए 3 चित्र बनाएं।"
227,आवेदन,भालू के घर की एक तस्वीर खींचें।
228,आवेदन,गाउन सिंड्रेला की एक तस्वीर खींचें गेंद के लिए पहना।
229,आवेदन,"दी गई जानकारी से, क्या आप निर्देशों का एक सेट विकसित कर सकते हैं।।।?"
230,आवेदन,किसी को कागज के लिए किसी विषय पर शोध करने के लिए इसे प्रभावी बनाने के लिए कॉर्नेल विधि को कैसे संशोधित किया जा सकता है?
231,आवेदन,यदि अधिक समाजवादी प्रणाली अपनाई गई तो संयुक्त राज्य अमेरिका में जीवन शैली कैसे संशोधित की जा सकती है?
232,आवेदन,"यदि प्रोफेसर की वेबसाइट पर नोट्स उपलब्ध हैं, तो उन नोट्स का उपयोग कैसे किया जाना चाहिए?"
233,आवेदन,"अपने साथियों के साथ एक शिक्षण सिमुलेशन में 6 वीं कक्षा के छात्रों की भूमिका निभाते हुए, कक्षा के इंटरैक्शन में सुदृढीकरण के सिद्धांत का प्रदर्शन करें और सिद्धांत को मान्य करने वाले सिमुलेशन के दौरान क्या हुआ उसके आधे पृष्ठ का विवरण तैयार करें।"
234,आवेदन,एक महत्वपूर्ण घटना को चित्रित करने के लिए एक diorama बनाओ।
235,आवेदन,एक घटना के बारे में प्रासंगिक जानकारी शामिल करने के लिए एक पेपर-माच मानचित्र बनाएं।
236,आवेदन,अध्ययन के क्षेत्रों के बारे में एक स्क्रैपबुक बनाएं।
237,आवेदन,अध्ययन क्षेत्र से विचारों का उपयोग करके एक पहेली खेल बनाओ।
238,आवेदन,नए मिलेनियम के लिए एक ओलंपिक गांव मॉडल।
239,आवेदन,एक नकली चुनाव में भाग लें
240,आवेदन,भविष्यवाणी करें कि x यदि y बढ़ता है तो क्या होता है।
241,आवेदन,नाटक करें कि आप पुस्तक में वर्णों में से एक हैं।लगातार दो दिनों के लिए अपने जीवन में घटनाओं के बारे में एक डायरी लिखें।
242,आवेदन,कक्षा इंटरैक्शन के लिए मजबूती के सिद्धांत से संबंधित।
243,आवेदन,क्षेत्र सुविधाओं के लिए स्थलाकृतिक मानचित्र से संबंधित
244,आवेदन,अपनी सबसे शक्तिशाली कहानी से संबंधित जहां कक्षा में प्रौद्योगिकी के आपके उपयोग ने एक छात्र या छात्रों के साथ एक महत्वपूर्ण परिणाम दिया है
245,आवेदन,आप स्थिति की रणनीति के साथ स्थिति अवधारणा को कैसे संबंधित करेंगे
246,आवेदन,"रोल-प्ले के माध्यम से, उपन्यास में अंतिम दृश्य के माध्यम से दिखाएं।"
247,आवेदन,परिचित प्रक्रिया या सूत्र का उपयोग करके एक गणित की समस्या हल करें
248,आवेदन,दस निम्नलिखित अंश गुणात्मक समस्याओं के लिए हल करें।कृपया अपने सभी काम को दिखाना सुनिश्चित करें।
249,आवेदन,क्या आप समान दृष्टिकोणों का उपयोग करके इन दो समस्याओं को हल करेंगे
250,आवेदन,निम्नलिखित समस्याओं को हल करने के लिए LAPlace का उपयोग करें
251,आवेदन,क्या आप निम्न समस्या को हल कर सकते हैं
252,आवेदन,कोड में सामग्री के प्रभाव ऊर्जा और प्रभाव परीक्षण तापमान को कैसे निर्दिष्ट करें
253,आवेदन,वायुमंडलीय डेटा के आधार पर गैल्वेनाइज्ड कोटिंग की मोटाई निर्दिष्ट करें?(लेवल 2)
254,आवेदन,वायुमंडलीय डेटा के आधार पर गैल्वेनाइज्ड कोटिंग की मोटाई निर्दिष्ट करें?(लेवल 2)
255,आवेदन,एक वाक्यात्मक प्रतिबंध कैसे निर्दिष्ट करता है
256,आवेदन,एक निर्धारक परिमित automaton (dfa) को पहचानें
257,आवेदन,किसी विशेष बिंदु को प्रदर्शित करने के लिए तस्वीरों का संग्रह लें।
258,आवेदन,मुनाफे को अधिकतम करने और लागत को कम करने के लिए माल पर कीमतों की गणना करने के लिए एक लागत मॉडल का उपयोग करें।
259,आवेदन,किसी कर्मचारी के अवकाश समय की गणना करने के लिए एक मैनुअल का उपयोग करें।
260,आवेदन,स्प्रेडशीट का उपयोग करके एक कोच यात्रा की लागत की गणना करने के लिए पेट्रोल की यात्रा और पेट्रोल की लागत का उपयोग करें।
261,आवेदन,एक वाक्य में अर्धविराम के लिए नियम का उपयोग करें।
262,आवेदन,यदि आप क्या कारक बदलेंगे।।।?
263,आवेदन,आप क्या सवाल पूछेंगे अगर।।।?
264,आवेदन,कौन उपयोग कर सकता है जो हम सोननेट के बारे में जानते हैं और इस कविता को खत्म कर सकते हैं?
265,आवेदन,क्या यह जानकारी उपयोगी होगी यदि आपके पास एक था।।।?
266,आवेदन,चित्रा 2 में दिखाए गए इलेक्ट्रोड की व्यवस्था के लिए फील्ड लाइनों की एक भविष्यवाणी स्केच करें
267,आवेदन,सूर्य और पृथ्वी से उत्सर्जित विकिरण के लिए ब्लैकबॉडी घटता स्केच करें
268,आवेदन,के रूप में पुनर्जन्म के साथ एक पैक कॉलम में एक विशिष्ट अवशोषण प्रक्रिया स्केच
269,आवेदन,एक गेंद की उड़ान के ऊपर और नीचे के हिस्सों के लिए वेग बनाम वेग का एक ग्राफ स्केच करें
270,आवेदन,किशोर ईमेल और तत्काल संदेशों में कोड का उपयोग कैसे करते हैं?
271,आवेदन,यह निर्धारित करने के लिए दूसरे व्युत्पन्न परीक्षण का उपयोग करें कि महत्वपूर्ण बिंदु जहां F0 (x) = 0 उपज सापेक्ष मैक्सिमा या रिश्तेदार मिनीमा
272,आवेदन,यह निर्धारित करने के लिए एकीकरण एल्गोरिदम का उपयोग करें कि निम्नलिखित दो शब्द uni_able हैं या नहीं।इंटरमीडिएट चरण दिखाएं
273,आवेदन,यह साबित करने के लिए कि निम्नित करने के लिए TABOEAUS विधियों का उपयोग करें।
274,आवेदन,एक स्केच का उपयोग करें प्रत्येक अभिव्यक्ति का सटीक मूल्य भी खोजें
275,आवेदन,प्लेटों के बीच बिजली के क्षेत्र को खोजने के लिए गॉस के कानून का उपयोग करें जब उन पर शुल्क क्यू है
276,आवेदन,क्या होता है यदि आप एक सबसेट आर एस में एक निर्धारित प्रक्रिया को प्रतिबंधित करते हैं?
277,आवेदन,क्या होगा यदि अगले वर्ष आपके राज्य में बारिश हुई
278,आवेदन,क्या होता है यदि आप विस्थापन की दिशा बदलते हैं (लेकिन इसका आकार नहीं)?
279,आवेदन,यदि बैक्टीरिया की भारी वृद्धि हुई थी तो आप क्या करेंगे
280,आवेदन,परिणाम क्या होगा अगर ...
281,आवेदन,नीचे दिए गए कथन की सच्चाई को साबित करने के लिए आप किस दृष्टिकोण का उपयोग करेंगे
282,आवेदन,निम्नलिखित कार्यों में से प्रत्येक की गणना के लिए एक ट्यूरिंग मशीन का निर्माण करें
283,आवेदन,दिए गए तर्क की वैधता निर्धारित करने के लिए एक वेन आरेख का निर्माण करें।
284,आवेदन,"निम्नलिखित विवरण तार्किक रूप से समतुल्य हैं या नहीं, यह निर्धारित करने के लिए एक शब्दकोश और एक सत्य तालिका का निर्माण"
285,आवेदन,"हम एच, बी और ई को कैसे बना सकते हैं?"
286,आवेदन,नेटवर्क के एक परिवार का निर्माण यह दर्शाते हैं कि नेटवर्क में विभिन्न mincuts की संख्या नेटवर्क के आकार में घातीय हो सकती है
287,आवेदन,आप किसी दिए गए कई गुना एम पर फोलिएशन कैसे बनाते हैं?
288,आवेदन,इष्टतम रखरखाव समस्या का निर्माण कैसे करें
289,आवेदन,जब समस्याएं जटिल होती हैं तो सरल समाधान कैसे बनाएं?
290,आवेदन,4-बिट रिपल कैरी एडडर सर्किट का निर्माण
291,आवेदन,निम्नलिखित विनिर्देशों के साथ एक एनालॉग सर्किट का निर्माण
292,आवेदन,पिछले प्रश्न में दिए गए आरआईएससी प्रोसेसर के डेटा पथ का निर्माण करें
293,आवेदन,"हम एजेंटों को कैसे बनाते हैं जो वितरित कर सकते हैं।""अच्छी"" सहायता"
294,आवेदन,चयनित सूचना प्रणाली का निर्माण कैसे करें
295,आवेदन,दिखाएं कि उन्होंने प्रारूप के लिए उपयुक्त रचनात्मक लेखन रणनीतियों का उपयोग कैसे किया है
296,आवेदन,नॉन-बाइनरी को समायोजित करने के लिए आज कक्षा में दिए गए फिच के एल्गोरिदम को कैसे संशोधित करें
297,आवेदन,दिखाएं कि लेख में समझाया गया विपणन स्थिति में सुधार के लिए ई-सीआरएम का उपयोग कैसे किया जा सकता है
298,आवेदन,आप एबीसी प्रक्रिया की अपनी समझ कैसे दिखाएंगे
299,आवेदन,मुझे दिखाएं कि आप इस कार पर ब्रेक लाइट्स कैसे देख रहे हैं
300,विश्लेषण,इन सुविधाओं के सुरक्षित और खतरनाक पहलुओं का विश्लेषण करें।
301,विश्लेषण,मेंढकों की विशेषताओं का विश्लेषण करें।
302,विश्लेषण,एक मेंढक की गतिविधियों और ध्वनियों का विश्लेषण करें।
303,विश्लेषण,"समस्या का विश्लेषण करें, अपने चर की पहचान करें।"
304,विश्लेषण,एक मानक फिल्म कैमरे के घटकों को तोड़ दें और समझाएं कि वे मशीन को काम करने के लिए कैसे बातचीत करते हैं।
305,विश्लेषण,कहानी के मुख्य कार्यों को तोड़ दें।
306,विश्लेषण,"भूकंपीय मैच में टेक्टोनिक प्लेटों के नक्शे की तुलना करके, आप क्या कर सकते हैं?"
307,विश्लेषण,क्या आप अपनी तुलना कर सकते हैं।।।उसमें प्रस्तुत किया गया।।।?
308,विश्लेषण,क्या आप बीच में अंतर कर सकते हैं।।।?
309,विश्लेषण,क्या आप समझा सकते हैं कि क्या हुआ होगा।।।?
310,विश्लेषण,क्या आप कहानी के दौरान चार अलग-अलग भावनाओं को पा सकते हैं?
311,विश्लेषण,कक्षाओं की तुलना करें और इसके विपरीत।
312,विश्लेषण,हमारी स्कूल को अन्य समुदायों की तुलना करें और इसके विपरीत करें।
313,विश्लेषण,"तुलना करें और विपरीत प्रश्नों का पूर्वावलोकन करें, प्रश्नों और प्रत्याशित परीक्षा प्रश्नों को स्पष्ट करें, जिसमें प्रत्येक नोटिटेकिंग प्रक्रिया से संबंधित है?"
314,विश्लेषण,प्रोटोटाइप मॉडल के साथ झरना मॉडल की तुलना करें और इसके विपरीत करें।
315,विश्लेषण,पुस्तक में दो पात्रों की तुलना करें और इसके विपरीत।
316,विश्लेषण,पतन और वसंत की तुलना करें
317,विश्लेषण,एक वेन आरेख पर हेरबुनिया और मांसाहारी जानवरों की तुलना करें।
318,विश्लेषण,तुलना करें कि कितने अलग बच्चे स्कूल में आते हैं।
319,विश्लेषण,उस स्थान की तुलना करें जहां कहानी आपके साथ हुई थी।
320,विश्लेषण,इस पुस्तक की तुलना अपनी अंतिम पुस्तक में अपनी पिछली किताब में करें।
321,विश्लेषण,वेन आरेख का उपयोग करके तीन समारोहों की तुलना करें।
322,विश्लेषण,दो कुत्ते के खाद्य विज्ञापनों की तुलना करें।उनके बीच क्या अंतर है और वे दोनों अपने उत्पादों को कैसे बेचते हैं?
323,विश्लेषण,इस पुस्तक में दो पात्रों की तुलना करें।
324,विश्लेषण,एक दृश्य का समर्थन करने के लिए जानकारी उत्पन्न करने के लिए एक जांच करें।
325,विश्लेषण,एक नदी बाढ़ के मैदान में इमारत के साथ तटीय क्षेत्र में विपरीत निर्माण।
326,विश्लेषण,पिछले ओलंपिक खेलों के एथलीटों के साथ आज के विपरीत ओलंपिक एथलीट।
327,विश्लेषण,संदर्भ द्वारा मूल्य और कॉल के बीच .call के बीच अंतर।
328,विश्लेषण,PRINTF फ़ंक्शन को अलग करने के लिए संकेतों को प्रदर्शित करने और डेटा गूंजने के लिए कॉल करता है।
329,विश्लेषण,सूक्ष्म और मैक्रो अर्थशास्त्र के बीच अंतर।
330,विश्लेषण,परिकल्पनाओं से तथ्यों को अलग करना
331,विश्लेषण,"कहानी को शुरू करने, बढ़ती कार्रवाई, चरमोत्कर्ष, और गिरने की कार्रवाई में कहानी को विभाजित करें"
332,विश्लेषण,"जांच करें कि एक अच्छा ओलंपिक बनाने में क्या मदद करता है?पैसे, कार्यक्रम, खेल और लोगों के बारे में सोचें।"
333,विश्लेषण,"विभिन्न प्रकार के समाजों के संदर्भ में संयोग परिवारों को समझाएं, जिनके लिए वे संबंधित हो सकते हैं।"
334,विश्लेषण,बंदूकें के उन्मूलन से संबंधित सकारात्मक और नकारात्मक बिंदुओं का विश्लेषण करें और अपने विश्लेषण की एक संक्षिप्त (2-3 पेज) कथा लिखें।
335,विश्लेषण,"उन मार्गों को अलग करें जो व्यक्तिगत रूप से एक राजनीतिक प्रतिद्वंद्वी पर हमला करते थे, और जिन्होंने प्रतिद्वंद्वी के राजनीतिक कार्यक्रमों पर हमला किया।"
336,विश्लेषण,आपके पालतू जानवर अन्य जानवरों से कैसे भिन्न होते हैं?
337,विश्लेषण,कैसे करता है ... तुलना / इसके साथ तुलना करें ...?
338,विश्लेषण,कैसे ।।।के समान ।।।?
339,विश्लेषण,100 साल पहले आपके शहर में जीवन अलग कैसे था?
340,विश्लेषण,यह कैसा था।।।?
341,विश्लेषण,यदि यह एक अलग देश में हुआ था तो यह कहानी अलग कैसे होगी?
342,विश्लेषण,42 वर्षीय व्यक्ति में कमजोरी और एक दाने के साथ पॉलिम्योसाइटिस और वायरल मायोसाइटिस के बीच आप कैसे अंतर करेंगे?
343,विश्लेषण,"यदि आपकी कहानी एक विदेशी भूमि में हुई, तो उस देश को संयुक्त राज्य अमेरिका की तुलना करें।"
344,विश्लेषण,"यदि आपकी कहानी बहुत पहले हुई थी, तो उस समय की तुलना आज एक अच्छे पैराग्राफ में करें।यदि यह एक आधुनिक कहानी थी, तो इसे लंबे समय से तुलना करें और बताएं कि क्या अलग होगा।"
345,विश्लेषण,नवाचारों की जांच करें जो भविष्य के ओलंपिक को बढ़ा सकते हैं।
346,विश्लेषण,एक केस स्टडी का निदान या विश्लेषण करें।
347,विश्लेषण,सदी के एथलीट का चयन करें और विश्लेषण करें कि आपने इस व्यक्ति को क्यों चुना है।
348,विश्लेषण,"यदि दैनिक दैनिक के बजाय ब्याज को मिश्रित किया गया था, तो ब्याज में क्या अंतर होगा?"
349,विश्लेषण,के हिस्से या विशेषताएं क्या हैं ...?
350,विश्लेषण,निम्नलिखित उपयुक्त उदाहरण देने के बीच अंतर
351,विश्लेषण,अमूर्त तिथि प्रकारों (adts) और adts के कार्यान्वयन के बीच अंतर
352,विश्लेषण,"आप बिंग-खाने / शुद्ध प्रकार के एनोरेक्सिया नर्वोसा और बुलिमिया नर्वोसा, शुद्ध प्रकार के बीच अंतर कैसे करते हैं"
353,विश्लेषण,टीडी टीडी टीका से कैसे भिन्न होता है
354,विश्लेषण,स्वायत्तता उम्र के साथ कैसे भिन्न होती है
355,विश्लेषण,पुरुष अपराधियों से महिला अपराधियों के किस तरह से भिन्न होते हैं
356,विश्लेषण,एबीसी के अनुसार किस तरह से प्रक्षेपण पैटर्न भिन्न होते हैं
357,विश्लेषण,मनोवैज्ञानिक तीसरे पक्ष की उपस्थिति की ओर उनके सामान्य दृष्टिकोण में कैसे भिन्न होते हैं
358,विश्लेषण,चीनी समाचार पत्रों ने हमसे कैसे अलग किया
359,विश्लेषण,सार्वजनिक स्वास्थ्य रिपोर्टिंग आज दो साल पहले रिपोर्टिंग से अलग कैसे होती है
360,विश्लेषण,एक एडोर्समेंट एक शिक्षण प्रमाण पत्र से कैसे भिन्न होता है
361,विश्लेषण,हम वास्तविक खरीदार और अंडरकवर खरीदार के बीच अंतर कैसे करते हैं
362,विश्लेषण,हम एक साक्षात्कार और एक पूछताछ के बीच कैसे अंतर करते हैं?
363,विश्लेषण,उपयुक्त उदाहरणों के साथ निम्नलिखित शर्तों के बीच अंतर
364,विश्लेषण,अवगत नियमों का उपयोग करके निम्नलिखित कार्यों को अलग करें
365,विश्लेषण,क्या आप जातीय चीनी और जातीय कोरियाई लोगों के बीच अंतर कर सकते हैं
366,विश्लेषण,आप मध्य एपेनेस से अवरोधक एपेनेस को कैसे विभाजित करेंगे
367,विश्लेषण,आप एक कार्यक्रम से एक परियोजना को कैसे विभेदित करेंगे
368,विश्लेषण,कुह्न के अनुसार डार्विनियन विकास के समान वैज्ञानिक प्रगति कैसे होती है
369,विश्लेषण,"ऑक्सीपरॉक्सिडेस अन्य ऑक्सीजनित हेम प्रोटीन के समान तरीके से, और यह कैसे भिन्नता है"
370,विश्लेषण,भेड़ियों और कुत्तों के समान लोमड़ी किस तरह से हैं
371,विश्लेषण,संचार टूटने के स्रोतों में एक दूसरे से अलग के समान किशोरावस्था कैसे हैं?
372,विश्लेषण,कर्मचारियों और विभागों की तालिकाओं में डेटा की जांच करें
373,विश्लेषण,सबसे प्रभावशाली अवलोकन और सभी अवलोकनों सहित मॉडल को छोड़कर मॉडल के बीच मतभेदों की जांच करें।
374,विश्लेषण,सकारात्मक प्रतिमान की ताकत और कमजोरियों की गंभीर जांच करें
375,विश्लेषण,प्रत्येक व्यक्तिगत स्विचिंग कारक के साधनों के बीच मतभेदों की जांच करें।
376,विश्लेषण,नीचे दिए गए अभ्यास को पूरा करने में आपकी सहायता के लिए निम्नलिखित पृष्ठ पर दिए गए मानचित्र निकालने की सावधानीपूर्वक जांच करें।
377,विश्लेषण,"इन बूलियन अभिव्यक्तियों में से प्रत्येक का निरीक्षण करें, और यह निर्धारित करें कि प्रत्येक एक उत्पाद का योग है, या रकम का एक उत्पाद है"
378,विश्लेषण,लोड किए गए डेटा के आकार का निरीक्षण करें: आईरिस डेटा मैट्रिक्स में कितने ऑब्जेक्ट्स और चर होते हैं?
379,विश्लेषण,क्या आप मेरे लिए उचित रूप से प्राप्त करने योग्य और अतिशयोक्ति के बीच में अंतर कर सकते हैं
380,विश्लेषण,क्या आप गंध से अप्रत्याशित रम से वृद्ध रम को अलग कर सकते हैं
381,विश्लेषण,क्या आप पॉट को अभी भी गोल से रम की रम को अलग कर सकते हैं
382,विश्लेषण,"""ज्ञात"" प्रकाशित मूल्य के सापेक्ष जीपीएस पदों के पैटर्न का निरीक्षण करें"
383,विश्लेषण,आपकी एजेंसी ऑपरेटरों के लिए अपनी उम्मीद के खिलाफ कैसे निरीक्षण करती है
384,विश्लेषण,ताजा पानी नलसाजी प्रणालियों का सही ढंग से निरीक्षण और बनाए रखने के लिए कैसे
385,विश्लेषण,क्या आप फ्रैक्चर का विश्लेषण कर सकते हैं और निर्धारित कर सकते हैं कि शल्य चिकित्सा की मरम्मत की जानी चाहिए
386,विश्लेषण,क्या आप आधुनिक समकालीन संस्कृति का विश्लेषण कर सकते हैं और मुझे बता सकते हैं कि आपका काम हमारी पोस्ट-आधुनिकतावादी संस्कृति के अवशेषों में एक महत्वपूर्ण भूमिका निभाता है?
387,विश्लेषण,"छात्रों ने ऑटोबोग्राफिकल प्रतिबिंब के माध्यम से दौड़, वर्ग और विशेषाधिकार पर पाठ्यक्रम सामग्री का प्रभावी ढंग से विश्लेषण किया"
388,विश्लेषण,आप एक मामूली आरसीटी का विश्लेषण कैसे करते हैं
389,विश्लेषण,"पेरिस लेख और ट्रिप लेख द्वारा प्रदान किए गए ""प्रसिद्ध"" ट्रेडमार्क के उपचार के विपरीत"
390,विश्लेषण,ग्रैंड कैन्यन के साथ मंगल ग्रह पर वल्ल्स मारनेरिस के विपरीत
391,विश्लेषण,हवाई के विपरीत और फ्लोरिडा की तुलना कैसे करता है?
392,विश्लेषण,जांच करें कि सिस्टम को एक्स के लिए हल किया जा सकता है या नहीं;y;जेड
393,विश्लेषण,जांच (बिंदुवार) अभिसरण और कार्यों की दी गई श्रृंखला के पूर्ण अभिसरण की जांच करें
394,विश्लेषण,आप इस रोगी की जांच कैसे करेंगे
395,विश्लेषण,आप इस असामान्यता की जांच कैसे करेंगे
396,विश्लेषण,मैं इस समस्या की जांच करने के लिए क्या कर सकता हूं
397,विश्लेषण,जांच कैसे की गई थी
398,विश्लेषण,आप हेटरोडॉक्स और मुख्यधारा के बीच अंतर कैसे करेंगे
399,विश्लेषण,"मैं ""धोखा"" और ""धोखा"" के बीच अंतर कैसे करूं?"
400,संश्लेषण,गणितीय समस्या को हल करने के लिए कई अलग-अलग रणनीतियों को लागू करें और एकीकृत करें (एक सूत्र के अनुसार नहीं)
401,संश्लेषण,क्या आप नए और असामान्य उपयोग के लिए बना सकते हैं।।।?
402,संश्लेषण,क्या आप एक डिजाइन कर सकते हैं।।।प्रति ।।।?
403,संश्लेषण,क्या आप एक प्रस्ताव विकसित कर सकते हैं जो होगा।।।?
404,संश्लेषण,क्या आप कहानी के लिए एक और चरित्र का आविष्कार कर सकते हैं?
405,संश्लेषण,क्या आप एक संभावित समाधान देख सकते हैं।।।?
406,संश्लेषण,क्या आप एक स्वादिष्ट पकवान के लिए एक नया नुस्खा लिख सकते हैं?
407,संश्लेषण,एक चरित्र चुनें।इस चरित्र के दृष्टिकोण से कहानी से एक दृश्य को फिर से लिखें।
408,संश्लेषण,एक नए ओलंपिक खेल को विकसित करने के लिए किसी भी दो खेल को मिलाएं।
409,संश्लेषण,"एक मंच प्रस्तुति में नाटक, संगीत, और नृत्य के तत्वों को मिलाएं।"
410,संश्लेषण,एक वर्ग की कहानी लिखें।
411,संश्लेषण,जब वे पहली बार मिले तो एटिकस फिंच और टॉम रॉबिन्सन के बीच एक संवाद लिखें।
412,संश्लेषण,एक लय लिखें या नए शब्दों को एक ज्ञात मेलोडी में रखें।
413,संश्लेषण,चिड़ियाघर जानवरों के बारे में एक साधारण रैप या कविता लिखें।
414,संश्लेषण,एक मेंढक खेलने के लिए संगीत लिखें।
415,संश्लेषण,एक पूर्ण सी प्रोग्राम लिखें जो टेक्स्ट स्ट्रिंग्स को टेक्स्ट स्ट्रिंग्स को एक उपयुक्त डेटा में पढ़ता है
416,संश्लेषण,एक उपकरण लिखें जो उनके प्रशिक्षण में एक एथलीट की सहायता करेगा।
417,संश्लेषण,एक मूल कार्य लिखें जो मूर्तिकला में पांच आम सामग्री को शामिल करता है।
418,संश्लेषण,अपना खुद का नोट लेने वाला डिज़ाइन लिखें जो कॉर्नेल विधि के सभी मुख्य अधिकारों को शामिल करता है।
419,संश्लेषण,एक चार्ट बनाएं जो उन चीजों की तुलना करता है जो बिजली और उन चीजों का उपयोग करती हैं जो बिजली का उपयोग नहीं करती हैं।
420,संश्लेषण,एक नया उत्पाद बनाएँ।इसे एक नाम दें और एक विपणन अभियान की योजना बनाएं।
421,संश्लेषण,"""मैरी के पास थोड़ा मेमने"" की शुरुआती रेखा के लिए एक नया गीत बनाएं।"
422,संश्लेषण,स्थानीयकृत संक्षारण के लिए अतिसंवेदनशील पौधे के बिंदुओं को निर्धारित करने के लिए दिशानिर्देशों का एक सेट बनाएं।
423,संश्लेषण,अपनी पुस्तक के लिए एक अनुक्रम के लिए एक स्टोरीबोर्ड बनाएं।समान वर्णों का उपयोग करें।
424,संश्लेषण,इस समस्या के समाधान का प्रतिनिधित्व करने के लिए एक समीकरण बनाएं।
425,संश्लेषण,मेंढकों के बारे में एक नाटक बनाएं और प्रदर्शन करें।
426,संश्लेषण,बक्से के आसपास ड्राइंग करके स्थानीय वातावरण की योजना बनाएं।
427,संश्लेषण,दिए गए विनिर्देशों के अनुसार एक इमारत डिजाइन
428,संश्लेषण,विश्वसनीय डेटा उत्पन्न करने के लिए एक लागत प्रभावी रणनीति तैयार करें।
429,संश्लेषण,एक विशिष्ट कार्य करने के लिए एक मशीन डिजाइन करें।
430,संश्लेषण,जंगल में रहने के लिए एक नया जानवर डिजाइन करें।
431,संश्लेषण,इस पुस्तक के लिए एक पोस्टर डिजाइन करें।
432,संश्लेषण,किसी दिए गए वातावरण में उपयोग किए जाने वाले मिश्र धातु की संवेदनशीलता का आकलन करने के लिए एक परीक्षण परिदृश्य डिजाइन करें?
433,संश्लेषण,डिजाइन और एक जानवर जो चलता है।
434,संश्लेषण,पात्रों के लिए डिजाइन वेशभूषा।
435,संश्लेषण,सॉफ़्टवेयर आवश्यकता विनिर्देश दस्तावेज़ में परिभाषित आवश्यकताओं के आधार पर सॉफ़्टवेयर सिस्टम के आर्किटेक्चर को डिज़ाइन करें
436,संश्लेषण,एक परिकल्पना का विकास।
437,संश्लेषण,एक नई ओलंपिक बोली प्रणाली के लिए एक योजना विकसित करें।
438,संश्लेषण,एक सॉफ्टवेयर विकास परियोजना के लिए एक एसक्यूए योजना विकसित करें जिसे संलग्न दस्तावेज़ में परिभाषित किया गया है।
439,संश्लेषण,"""विशेषण"" की अवधारणा को सिखाने का एक तरीका विकसित करें।"
440,संश्लेषण,नीचे दी गई सभी तीन छोटी कहानियों के लिए एक व्यावहारिक समाप्ति का विकास करें।
441,संश्लेषण,पहले से मौजूद लोगों के आधार पर एक नई आर्थिक प्रणाली तैयार करें।
442,संश्लेषण,तैयार करने या कलाकृति को अधिक मूल्यवान बनाने की योजना बनाएं।
443,संश्लेषण,एक पेंटिंग बनाएं जो इसके प्रभाव को प्राप्त करने के लिए परिप्रेक्ष्य के विभिन्न सिद्धांतों का उपयोग करता है।
444,संश्लेषण,"समझाएं कि सिंबियोटिक रिश्तों की जैविक अवधारणा का उपयोग सामाजिक रूप से निर्मित समस्याओं जैसे जल प्रदूषण, कचरा लैंडफिल, या बेघरता जैसे हल करने में मदद के लिए किया जा सकता है।"
445,संश्लेषण,समझाएं कि यह क्यों संभावना है कि एक मत्राइबल परिवार प्रणाली एक मैट्रिलोकल या मैट्रिलिनियल समाज में पाई जाएगी।
446,संश्लेषण,"विफलता में शामिल संक्षारण के रूपों की पहचान के बाद, इस विफलता से बचने के लिए एक समाधान की सिफारिश करें?"
447,संश्लेषण,दो विरोधी सिद्धांतों को देखते हुए उनकी तुलना करने के लिए एक प्रयोग डिजाइन किया गया।
448,संश्लेषण,हम बिना गिनती के जार में पेनी की संख्या कैसे निर्धारित कर सकते हैं?
449,संश्लेषण,आप इस कहानी को एक शहर की सेटिंग के साथ कैसे लिख सकते हैं?
450,संश्लेषण,"गोटो स्टेटमेंट्स को बदलने वाले लेख में दिए गए क्लॉज और अभिव्यक्तियां कैसे होती हैं, जिससे तीन पारंपरिक नियंत्रण बयान होते हैं"
451,संश्लेषण,आप कितने तरीके हैं।।।?
452,संश्लेषण,अगर दक्षिण ने गृह युद्ध जीता था तो यू.एस.ए अलग कैसे होगा?
453,संश्लेषण,एक अलग अंत बनाने के लिए आप कहानी कैसे बदलेंगे?
454,संश्लेषण,आप एक नया कैसे बना / डिजाइन करेंगे ...?
455,संश्लेषण,बच्चों की विकास आवश्यकताओं को दर्शाने के लिए आप स्कूल के दिन को कैसे पुन: स्थापित करेंगे?
456,संश्लेषण,पुस्तक में एक समस्या की पहचान करें और लेखक द्वारा दिए गए एक वैकल्पिक समाधान दें।
457,संश्लेषण,यदि आपके पास सभी संसाधनों तक पहुंच थी तो आप कैसे निपटेंगे।।।?
458,संश्लेषण,किसी समस्या को हल करने के लिए कई स्रोतों से प्रशिक्षण को एकीकृत करें।
459,संश्लेषण,एक विशिष्ट कार्य करने के लिए एक मशीन का आविष्कार करें।
460,संश्लेषण,डेटा संरचना की अपनी पसंद को औचित्य दें।
461,संश्लेषण,एक रेडियो घोषणा करें जो पुस्तक का विज्ञापन करें।इसको लिख डालो।
462,संश्लेषण,एक नया भाषा कोड बनाएं और इसका उपयोग करके सामग्री लिखें।
463,संश्लेषण,एक चरित्र का नाम।इस चरित्र के दृष्टिकोण से कहानी को फिर से लिखें।
464,संश्लेषण,इस पुस्तक को तीन या अधिक वर्गों में व्यवस्थित करें और प्रत्येक अनुभाग के लिए अपना स्वयं का उपशीर्षक दें।
465,संश्लेषण,किसी दिए गए ऐतिहासिक विषय पर एक शोध पत्र की योजना बनाएं
466,संश्लेषण,किसी भी मौसमी परिवर्तनों के साथ एक ग्रह के मतभेदों की भविष्यवाणी करें।
467,संश्लेषण,एक पुस्तक जैकेट तैयार करें जो पुस्तक के साथ-साथ कहानी की तरह दिखाती है।
468,संश्लेषण,नाटक करें कि आप एक पुस्तकालय किसी को इस पुस्तक की सिफारिश कर रहे हैं।एक पैराग्राफ लिखें कि आप क्या कहेंगे।
469,संश्लेषण,परिणाम सुधारने के लिए संशोधित करें और प्रक्रिया करें।
470,संश्लेषण,परिणाम को बेहतर बनाने के लिए एक जटिल कार्य को पूरा करने के तरीके को संशोधित करें।
471,संश्लेषण,परिणाम सुधारने के लिए संशोधन और प्रक्रिया।
472,संश्लेषण,"संरचना, सूची को आरोही क्रम में क्रमबद्ध करता है, स्क्रीन पर सूची प्रदर्शित करता है और सूची को संग्रहीत करता है"
473,संश्लेषण,मान लीजिए कि फीलिप को तीमुथियुस की मृत्यु के तुरंत बाद बचाया नहीं गया था।वह कब तक बच सकता है?
474,संश्लेषण,"मुख्य पात्रों में से एक के बारे में पुस्तक से जानकारी का उपयोग करके, पुस्तक के अंत को फिर से लिखें।"
475,संश्लेषण,आप किस विचार में जोड़ सकते हैं ...?
476,संश्लेषण,यदि आप संयुक्त हो तो क्या हो सकता है ...?
477,संश्लेषण,आप किस समाधान के लिए सुझाव देंगे ...?
478,संश्लेषण,क्या होगा अगर ।।।?
479,संश्लेषण,आप क्या भविष्यवाणी / अनुमान लगाएंगे ...?
480,संश्लेषण,आप निपटने के लिए अपना रास्ता क्यों नहीं बनाते।।।?
481,संश्लेषण,एक गीत क्यों नहीं लिखा।।।?
482,संश्लेषण,"एक सी प्रोग्राम लिखें जो स्क्रीन से पूर्णांक इनपुट स्वीकार करता है, कुल और औसत मूल्यों की गणना करता है;और स्क्रीन पर मान प्रदर्शित करता है।"
483,संश्लेषण,आपके लिए चिंता के सामाजिक मुद्दे पर संपादक को एक पत्र लिखें।
484,संश्लेषण,किसी दिए गए स्थान के पक्ष में एक तार्किक रूप से संगठित तर्क लिखें।
485,संश्लेषण,इस पुस्तक के बारे में एक कविता लिखें।
486,संश्लेषण,कहानी में क्या हुआ है रोकने के लिए नियमों का एक सेट लिखें।
487,संश्लेषण,एक Picaresque उपन्यास की शैली में एक व्यक्तिगत अनुभव से संबंधित एक छोटी सी कहानी लिखें।
488,संश्लेषण,"'ओल्ड मैकडॉनल्ड्स' के बारे में एक गीत लिखें, जिसने एक खेत की बजाय बुलडोजर किया था।"
489,संश्लेषण,भारत और तकनीकी उन्नति के बारे में 250 से अधिक शब्दों में एक निबंध लिखें।जितना संभव हो सके सक्रिय आवाज का प्रयोग करें।
490,संश्लेषण,आप यह निर्धारित करने के लिए विभिन्न व्यक्तिगत परीक्षणों के परिणामों को कैसे जोड़ते हैं कि कोई छात्र अगले सेमेस्टर / चरण / वर्ष में प्रगति कर सकता है या नहीं?
491,संश्लेषण,नया ज्ञान बनाने के लिए हम सॉफ्टवेयर सिस्टम के बारे में कैसे गठबंधन और अमूर्त तथ्यों को जोड़ सकते हैं?
492,संश्लेषण,वर्चुअल समरूपता और प्रतीकात्मक मॉडल की जांच प्रभावी ढंग से कैसे गठबंधन करें
493,संश्लेषण,हम पसंद के साथ एक एआईजी बनाने के लिए कई विषय ग्राफ को कुशलतापूर्वक कैसे गठबंधन करते हैं
494,संश्लेषण,हम कानूनों को लागू करने का एक तरीका कैसे तैयार करते हैं
495,संश्लेषण,क्या आप एक स्पष्ट सूत्र तैयार कर सकते हैं
496,संश्लेषण,क्या आप बड़ी प्रगति पाने के लिए एक व्यवस्थित दृष्टिकोण तैयार करते हैं
497,संश्लेषण,इस अभ्यास के लिए एक कार्यक्रम का विकास और निष्पादन
498,संश्लेषण,निम्नलिखित जानकारी के आधार पर एक नेटवर्क विकसित करें: गतिविधि तत्काल पूर्ववर्ती
499,संश्लेषण,हम युवा लोगों के साथ इस प्रकार की गतिविधि में लगे संगठनों के लिए सफलता का एक सुसंगत उपाय कैसे विकसित कर सकते हैं?
500,मूल्यांकन,"एक प्रयोग डिजाइन करने, परिणामों की जांच करने और निष्कर्ष निकालने के बाद, यह निर्धारित करता है कि भविष्य में अधिक उत्पादक निष्कर्ष निकालने के लिए प्रयोग किस तरह से प्रभावी ढंग से आयोजित किया जा सकता है।"
501,मूल्यांकन,"एक फुटबॉल गेम में एक नाटक के वीडियो टेप की जांच करने के बाद, उस डिग्री को निर्धारित करें जिस पर रक्षात्मक टीम ने प्रभावी ढंग से प्रदर्शन किया और"
502,मूल्यांकन,"किसी समस्या को हल करने के बाद, उस डिग्री को निर्धारित करें जिस पर समस्या को यथासंभव कुशलता से हल किया गया था"
503,मूल्यांकन,एक परिकल्पना के समर्थन में डेटा का मूल्यांकन करें।
504,मूल्यांकन,कक्षा के मानदंडों के आधार पर भाषण की प्रभावशीलता का मूल्यांकन करें।
505,मूल्यांकन,क्या ऐसे छात्र हैं जिन्हें कॉर्नेल विधि का उपयोग नहीं करना चाहिए?
506,मूल्यांकन,क्या तुम एक ।।।आदमी?
507,मूल्यांकन,दिए गए साक्ष्य के आधार पर लेखक के निष्कर्षों की उपयुक्तता का आकलन करें।
508,मूल्यांकन,मौसमी पैटर्न को समझने के महत्व का आकलन करें।
509,मूल्यांकन,एक ही डेटा या जैविक अवधारणा के विभिन्न ग्राफिकल प्रतिनिधियों की सापेक्ष प्रभावशीलता का आकलन करें।
510,मूल्यांकन,वर्तमान ओलंपिक की ताकत और कमजोरियों का आकलन करें और भविष्य में ओलंपिक में कार्रवाई की सिफारिश करें: क्या हो सकता है
511,मूल्यांकन,"सर्वोत्तम प्रस्ताव के लिए अनुबंध का पुरस्कार दें।आपके लिए महत्व के क्रम में ""अच्छी स्पोर्ट्समैनशिप"" के सिद्धांतों को रैंक करें।"
512,मूल्यांकन,क्या आप इस विचार की रक्षा कर सकते हैं कि सुअर के सिर के साथ साइमन की घटना कहानी में सबसे रहस्यमय है?
513,मूल्यांकन,क्या आप अपनी स्थिति की रक्षा कर सकते हैं।।।?
514,मूल्यांकन,बाहरी संरचना के रखरखाव के लिए एक पेंट शेड्यूल चुनें?(लेवल 2)
515,मूल्यांकन,कहानी में दो सबसे महत्वपूर्ण घटनाओं को चुनें और चित्रित करें।
516,मूल्यांकन,निष्कर्ष और समर्थन जो आर्थिक प्रणाली जीने के उच्च स्तर की ओर जाता है।
517,मूल्यांकन,एक पोस्टर का निर्माण करें जो आपके नए खाद्य उत्पाद को एक रोमांचक और अनूठा तरीके से विज्ञापन देगा।
518,मूल्यांकन,एक प्रयोगात्मक डिजाइन या एक शोध प्रस्ताव आलोचना।
519,मूल्यांकन,"मानदंडों के आधार पर अन्य छात्र (या अपना) भाषण आलोचना करें, हमने इस सेमेस्टर का अध्ययन किया है।"
520,मूल्यांकन,तय करें कि क्या आप बाढ़ के मैदान पर इमारत के पक्ष में हैं;बहस में अपनी स्थिति की रक्षा करें।
521,मूल्यांकन,तय करें कि क्या आप द्वीप अंधेरे और अकेले जीवित रह सकते थे।उन चीजों के बारे में लिखें जो चुनौतीपूर्ण हो सकें
522,मूल्यांकन,तय करें कि क्या आपने इस पुस्तक से बिजली के बारे में पर्याप्त सीखा है।
523,मूल्यांकन,तय करें कि कौन सा उम्मीदवार प्रिंसिपल की स्थिति को सबसे अच्छा भर देगा।
524,मूल्यांकन,तय करें कि कौन सा पाठ्यक्रम सबसे प्रभावी था
525,मूल्यांकन,तय करें कि एक समस्या को हल करने की कौन सी विधि सबसे प्रभावी थी
526,मूल्यांकन,निम्नलिखित दावे की रक्षा करें: कॉर्नेल विधि इतनी अच्छी तरह से काम करती है कि यह एक खराब व्याख्यान को एक मूल्यवान सीखने के अनुभव में भी बदल सकती है।
527,मूल्यांकन,समस्या को हल करने में एक विशिष्ट रणनीति के उपयोग की रक्षा करें।
528,मूल्यांकन,एक नियोलोकल समाज के आर्थिक परिणाम का वर्णन करें।इस पाठ्यक्रम से आपके द्वारा सीखी गई जानकारी के साथ अपने विवरण का समर्थन करें।
529,मूल्यांकन,एक स्वस्थ मेनू डिज़ाइन करें जो आपको लगता है कि ज्यादातर लोग स्वस्थ खाने की मार्गदर्शिका का उपयोग करके आनंद लेंगे।
530,मूल्यांकन,निर्धारित करें कि क्या एक चरित्र के कार्य वीर थे
531,मूल्यांकन,क्या आप सहमत हैं...?
532,मूल्यांकन,क्या तुम्हें लगता है ।।।एक अच्छी या बुरी बात है?
533,मूल्यांकन,इस विकल्प को बनाने और अपने अंतिम चयन की रक्षा के लिए मानदंड स्थापित करें।
534,मूल्यांकन,"कला के एक काम का मूल्यांकन करें, अपने मूल्यांकन के कारण बताएं।"
535,मूल्यांकन,वर्णों के उपयुक्त और अनुचित कार्यों का मूल्यांकन करें।
536,मूल्यांकन,बोर्ड गेम का मूल्यांकन करें और न्याय करें कि नियम क्यों महत्वपूर्ण हैं।
537,मूल्यांकन,एक रासायनिक प्रसंस्करण संयंत्र की संक्षारण निगरानी आवश्यकताओं का मूल्यांकन करें
538,मूल्यांकन,मूल गतिशील जानकारी का उपयोग करके दो धातुओं के बीच गैल्वेनिक युग्मन के स्तर का मूल्यांकन करें?(स्तर 4)
539,मूल्यांकन,मिस्र के लोगों के बारे में जानकारी के दो इंटरनेट स्रोतों का मूल्यांकन करें।आपके उद्देश्य के लिए बेहतर विकल्प कौन होगा और क्यों?
540,मूल्यांकन,मूल्यांकन करें कि उनका मॉडल स्थानीय पर्यावरण का एक वास्तविक प्रतिनिधित्व है या नहीं।
541,मूल्यांकन,सेमेस्टर के दौरान चर्चा की गई संरचना के सिद्धांतों के संदर्भ में अपने स्वयं के या सहकर्मी के निबंध का मूल्यांकन करें।
542,मूल्यांकन,एक विशेष मुद्दे और राज्य के अच्छे कारणों (कक्षा में चर्चा किए गए सिद्धांतों के आधार पर) के संबंध में दोनों प्रमुख राजनीतिक उम्मीदवारों की निर्धारित स्थिति की जांच करें क्योंकि एक उम्मीदवार की स्थिति दूसरे की तुलना में प्रभावी होने की अधिक संभावना है।
543,मूल्यांकन,एक नए बजट की व्याख्या और औचित्य।
544,मूल्यांकन,एक अंतिम उपयोगकर्ता को सिफारिशें करने में किए गए विकल्पों की व्याख्या करें।
545,मूल्यांकन,"किसी भी स्थिति पर एक तर्क दिया, उस तर्क में तार्किक पतन की गणना करें।"
546,मूल्यांकन,"एक शोध प्रश्न पर उपलब्ध डेटा को देखते हुए, एक स्थिति लें और इसकी रक्षा करें।"
547,मूल्यांकन,"इस विषय को देखते हुए हमने जो डेटा देखा है, उसका मूल्यांकन करें कि यह निष्कर्ष कितना उपयुक्त है और आपके उत्तर की रक्षा करें।"
548,मूल्यांकन,"बताई गई प्रोग्रामिंग समस्या के दो समाधानों को देखते हुए, दक्षता और पठनीयता के मामले में समाधानों को रेट करें।"
549,मूल्यांकन,"परिभाषित प्रणाली को लागू करने के लिए तीन संभावित दृष्टिकोणों को देखते हुए, प्रत्येक दृष्टिकोण के संभावित फायदे और नुकसान पर चर्चा करें।"
550,मूल्यांकन,"दिए गए सॉफ़्टवेयर विकास समस्या को हल करने के लिए दो संभावित समाधान, ए और बी को देखते हुए, सर्वोत्तम समाधान पर निर्णय लें।अपना औचित्य दें।"
551,मूल्यांकन,कितने प्रभावी हैं।।।?
552,मूल्यांकन,आप कैसे तय करेंगे ...?
553,मूल्यांकन,आप कैसा महसूस करेंगे अगर।।।?
554,मूल्यांकन,आपने कैसे संभाला होगा।।।?
555,मूल्यांकन,"बेहतर, सुधारित या अस्वीकृत?"
556,मूल्यांकन,"किसी दिए गए नैदानिक स्थिति में, सबसे उचित हस्तक्षेप का चयन करें और मुख्य प्रभाव और संभावित साइड इफेक्ट्स की भविष्यवाणी करें।"
557,मूल्यांकन,क्या कोई बेहतर समाधान है।।।?
558,मूल्यांकन,सौंदर्य गुणों और भविष्य के मूल्यों से संबंधों का न्याय करें।
559,मूल्यांकन,अपने लिए कठिनाई का स्तर देखें।
560,मूल्यांकन,के मूल्य का न्याय करें।।।?
561,मूल्यांकन,न्यायाधीश चाहे अकेले एक द्वीप पर जीवित रहना और अंधेरा होना संभव होगा।इसके बारे में लिखें।
562,मूल्यांकन,न्याय करें कि क्या ओलंपिक आदर्श समकालीन अभिजात वर्ग एथलीट के लिए यथार्थवादी या अवास्तविक हैं।
563,मूल्यांकन,पशु विलुप्त होने को रोकने के तरीकों को औचित्य दें और नामांकित करें।
564,मूल्यांकन,एक मॉकिंगबर्ड को मारने के लिए शीर्षक का औचित्य साबित करें।
565,मूल्यांकन,इस सेमेस्टर को कवर किए गए कौशल के आधार पर टेप और आलोचना पर बातचीत करने वाले दो सहपाठियों को सुनें।
566,मूल्यांकन,प्राथमिकता के क्रम में निम्नलिखित रखें ...
567,मूल्यांकन,भविष्यवाणी करें कि आगे क्या होगा।
568,मूल्यांकन,भविष्यवाणी करें कि कई वर्षों की वसूली के बाद फिलिप कभी भी के जाने के लिए वापस जाएंगे।मान लीजिए कि वह अपनी दृष्टि को वापस कर देता है।
569,मूल्यांकन,अनुशंसा करें कि कैसे हमारे कक्षा या खेल का मैदान में सुधार किया जा सकता है।
570,मूल्यांकन,एक प्रस्तावित जल उपचार संयंत्र के लिए सबसे अच्छा प्रस्ताव का चयन करें।
571,मूल्यांकन,सबसे प्रभावी समाधान का चयन करें।
572,मूल्यांकन,उन तरीकों का सुझाव दें जिनमें इससे अधिक प्रभावी ढंग से जवाब दिया जा सकता था
573,मूल्यांकन,पुस्तक के सबसे रोमांचक हिस्से के बारे में फैसला करें।कम से कम तीन कारणों को देना सुनिश्चित करना क्यों?
574,मूल्यांकन,बयान पर चर्चा करने के लिए एक न्यायाधीश और जूरी का उपयोग करें 'बच्चों को चित्रों के कारण एंथनी ब्राउन की किताबों का आनंद लें'।
575,मूल्यांकन,"सीधे मूल्य मूल्यह्रास का उपयोग करके, एक हीट एक्सचेंजर के डिजाइन के लिए दो तांबा निकल मिश्र धातु के बीच फैसला करें।"
576,मूल्यांकन,"इस कोर्स में चर्चा किए गए समाजवाद के बुनियादी सिद्धांतों का उपयोग करके, आपके निर्णय का समर्थन करने के लिए प्रमुख तर्क प्रदान करके अमेरिकी आर्थिक प्रणाली का मूल्यांकन करें।"
577,मूल्यांकन,क्या हेमिंगवे एक महान अमेरिकी लेखक था?सबसे पहले आपको महानता को परिभाषित करने की आवश्यकता होगी।
578,मूल्यांकन,क्या बदलता है।।।क्या तुम अनुशंसा करोगे?
579,मूल्यांकन,व्यवसाय अनुबंध की वैधता का आकलन करने के लिए आप किस मापदंड का उपयोग करेंगे?
580,मूल्यांकन,आप क्या मानदंड का आकलन करने के लिए उपयोग करेंगे ...?
581,मूल्यांकन,तुम क्या सोचते हो ।।।?
582,मूल्यांकन,इस पुस्तक का हिस्सा क्या है आपको सबसे अच्छा लगा।बताओ तुम इसे क्यों पसंद करते हो?
583,मूल्यांकन,सबसे महत्वपूर्ण क्या है ...?
584,मूल्यांकन,उत्तर निर्धारित करने में निम्नलिखित में से कौन सा कार्य शायद कम से कम प्रभावी होगा?
585,मूल्यांकन,"दो एल्गोरिदम, बबलॉर्ट या क्विकसोर्ट में से कौन सा, अधिक कुशल है?आपने जवाब का औचित्य साबित करें।"
586,मूल्यांकन,क्या आप एक बहन के लिए सिंड्रेला करना पसंद करेंगे?क्यों या क्यों नहीं व्याख्या कीजिये।
587,मूल्यांकन,विली रैप्स का न्याय करने के लिए मानदंडों की एक सूची लिखें।
588,मूल्यांकन,कहानी को संशोधित करें और दर्शकों के प्रकार को निर्दिष्ट करें जो इस पुस्तक का आनंद लेंगे।
589,मूल्यांकन,पृथ्वी-भूकंप के महाकाव्य निर्देशांक का अनुमान लगाएं
590,मूल्यांकन,विभिन्न अतिसंवेदनशील आबादी समूहों में उपभोक्ताओं के लिए गंभीर बीमारी के जोखिम का अनुमान लगाएं
591,मूल्यांकन,एचआईवी / एड्स शिक्षा पर व्यय का अनुमान लगाएं
592,मूल्यांकन,सवाल की कठिनाई का अनुमान लगाएं
593,मूल्यांकन,लगभग अनुमान लगाएं कि टकराव की प्रक्रिया कितनी देर तक होती है
594,मूल्यांकन,आपको क्या लगता है कि विजेता के आने के बारे में सबसे अच्छी बात है?
595,मूल्यांकन,आपको क्या लगता है कि द्रव्यमान और क्यों
596,मूल्यांकन,आप अपने कार्यक्रम में एकीकृत गणित का उपयोग करने की ताकत क्या सोचते हैं?
597,मूल्यांकन,क्या आपको लगता है कि यह कथन इस विचार को व्यक्त करता है कि मैं चित्रित करने की कोशिश कर रहा हूं
598,मूल्यांकन,आपको कैसे लगता है कि समुदाय को बढ़ना या बदलना चाहिए
599,मूल्यांकन,आपको लगता है कि किसी को व्यवसाय में नैतिक निर्णय लेने का कारण होना चाहिए
